Albania,2017,1254
Albania,2016,1300
Albania,2015,1413
Albania,2014,1229
Albania,2013,940
Algeria,2017,6000
Algeria,2016,5779
Algeria,2015,5182.2
Algeria,2014,4816.8
Algeria,2003,8500
Algeria,1995,5200
Andorra,2021,38
Andorra,2020,38.8
Andorra,2019,41.7
Andorra,2018,43.5
Andorra,2017,43.3
Andorra,2016,43
Andorra,2015,42.1
Andorra,2014,41.1
Andorra,2013,41.6
Andorra,2012,43.1
Andorra,2011,44.8
Andorra,2010,52
Andorra,2009,47.9
Andorra,2008,47.6
Andorra,2007,45.8
Andorra,2006,50.8
Andorra,2005,49.5
Andorra,2004,49.1
Andorra,2003,48.7
Andorra,2002,48.1
Andorra,2001,37.4
Andorra,2000,48.9
Andorra,1999,41.1
Andorra,1998,40.2
Angola,2006,5839.5
Anguilla,2008,14.7
Anguilla,2007,12.4
Anguilla,2006,10.5
Anguilla,2005,8
Anguilla,2004,5.3
Anguilla,2003,4.6
Anguilla,2002,5.1
Anguilla,2001,5.6
Antigua and Barbuda,2021,108.4
Antigua and Barbuda,2020,135.8
Antigua and Barbuda,2019,132
Antigua and Barbuda,2018,154.9
Antigua and Barbuda,2017,159.5
Antigua and Barbuda,2016,96.5
Antigua and Barbuda,2015,95.8
Antigua and Barbuda,2014,138
Antigua and Barbuda,2013,132.7
Antigua and Barbuda,2012,122.5
Antigua and Barbuda,2011,121.2
Antigua and Barbuda,2010,136.6
Antigua and Barbuda,2009,136.4
Antigua and Barbuda,2008,121.7
Antigua and Barbuda,2007,111.8
Antigua and Barbuda,2006,90.9
Antigua and Barbuda,2005,84.1
Argentina,2019,18959
Argentina,2010,14516
Argentina,2005,13065
Armenia,2021,487.4
Armenia,2020,573.2
Armenia,2019,472.8
Armenia,2018,469.9
Armenia,2017,493.9
Armenia,2016,499.7
Armenia,2015,492.8
Armenia,2014,517.1
Armenia,2013,517.7
Armenia,2012,408.1
Armenia,2011,395.5
Armenia,2010,387.1
Armenia,2009,410.9
Armenia,2008,385.9
Armenia,2007,391.9
Armenia,2006,381
Armenia,2005,374.6
Armenia,2004,377
Armenia,2003,368.6
Armenia,2002,284.4
Armenia,2001,233.6
Armenia,2000,208.1
Armenia,1999,242.2
Armenia,1998,281.1
Armenia,1997,289.9
Armenia,1996,318.6
Armenia,1995,342.6
Armenia,1990,394.7
Australia,2015,13345
Australia,2014,13110
Australia,2013,13227
Australia,2012,13345
Australia,2011,13463
Australia,2010,13516
Australia,2009,13256
Australia,2008,13028
Australia,2007,12799
Australia,2000,13200
Australia,1992,12000
Austria,2017,5018
Austria,2016,4928
Austria,2015,4836
Austria,2014,4833
Austria,2013,4905
Austria,2012,4883
Austria,2011,4807
Austria,2010,4701
Austria,2009,4921
Austria,2008,4997
Austria,2007,4951
Austria,2006,4933
Austria,2005,4732
Austria,2004,4687
Austria,2003,4932
Austria,2002,4914
Austria,2001,4634
Austria,2000,4646
Austria,1999,4496
Austria,1998,4240
Austria,1997,4241
Austria,1996,4110
Austria,1995,3476
Azerbaijan,2021,2583
Azerbaijan,2020,2367
Azerbaijan,2019,2022
Azerbaijan,2018,1756
Azerbaijan,2017,1576
Azerbaijan,2016,1590
Azerbaijan,2015,1535
Azerbaijan,2014,1355
Azerbaijan,2013,1671
Azerbaijan,2012,1647
Azerbaijan,2011,1781
Azerbaijan,2010,1609
Azerbaijan,2009,1603
Azerbaijan,2008,1478
Azerbaijan,2007,1631
Azerbaijan,2006,1573
Azerbaijan,2005,1753
Azerbaijan,2004,1784
Azerbaijan,2003,1889
Azerbaijan,2002,1854
Azerbaijan,2001,1268
Azerbaijan,2000,1104
Bahamas,2006,227.2
Bahamas,2005,239.9
Bahamas,2004,168.9
Bahrain,2021,1650
Bahrain,2020,1397.7
Bahrain,2019,1372.6
Bahrain,2018,1818.7
Bahrain,2017,2142
Bahrain,2016,1805.1
Bahrain,2015,1605.4
Bahrain,2014,1629.8
Bahrain,2013,1943.3
Bahrain,2012,1432
Bahrain,2011,1423.3
Bahrain,2010,1546.3
Bahrain,2009,1532.5
Bahrain,2008,1645.5
Bahrain,2007,1111
Bahrain,2006,1156.5
Bahrain,2005,1034.9
Bahrain,2004,717.8
Bahrain,2003,659.8
Bahrain,2002,536.8
Bahrain,2001,515.4
Bahrain,2000,423.9
Bahrain,1999,393.1
Bahrain,1998,395
Bahrain,1997,384.2
Bahrain,1996,213
Bangladesh,2021,5873
Bangladesh,2020,5367.7
Bangladesh,2019,6267.1
Bangladesh,2014,4841.8
Bangladesh,2009,3783.4
Bangladesh,2005,2676.3
Belarus,2021,3970.2
Belarus,2020,4070.4
Belarus,2019,3784.8
Belarus,2018,3795.3
Belarus,2017,3801.4
Belarus,2016,3794
Belarus,2015,3734.6
Belarus,2014,3722.8
Belarus,2013,3681.7
Belarus,2012,3728
Belarus,2011,3832.2
Belarus,2010,3689.9
Belarus,2009,3301.2
Belarus,2008,3003.2
Belarus,2007,2663.8
Belarus,2006,2733.8
Belarus,2005,2530.4
Belarus,2004,2395.2
Belgium,2017,4659
Belgium,2016,4746
Belgium,2015,4643
Belgium,2014,4762
Belgium,2013,4867
Belgium,2012,4944
Belgium,2011,5003
Belgium,2010,4953
Belgium,2009,5021
Belgium,2008,5119
Belgium,2007,5243
Belgium,2006,5115
Belgium,2005,5052
Belgium,2004,5059
Belgium,2003,4824
Belgium,2002,4981
Belgium,2001,4802
Belgium,2000,4830
Belgium,1999,4702
Belgium,1998,4603
Belgium,1997,4650
Belgium,1996,4567
Belgium,1995,4613
Belize,2000,69.4
Belize,1997,38.1
Benin,2022,396.4
Benin,2021,339.5
Benin,2020,110.3
Bermuda,2019,86.4
Bermuda,2018,93.8
Bermuda,2017,95.7
Bermuda,2016,89.8
Bermuda,2015,83.6
Bermuda,2014,85.2
Bermuda,2013,84.6
Bermuda,2012,82.1
Bermuda,2011,81
Bermuda,2010,89.7
Bhutan,2019,39
Bhutan,2017,41.3
Bhutan,2012,50.1
Bolivia (Plurinational State of),2021,1604.2
Bolivia (Plurinational State of),2020,1621.3
Bolivia (Plurinational State of),2019,1600.9
Bolivia (Plurinational State of),2018,1616.7
Bolivia (Plurinational State of),2017,1521.9
Bolivia (Plurinational State of),2016,1491.8
Bolivia (Plurinational State of),2015,1396.4
Bolivia (Plurinational State of),2014,1294.1
Bolivia (Plurinational State of),2013,1167.1
Bolivia (Plurinational State of),2012,1099.7
Bolivia (Plurinational State of),2011,1058.7
Bolivia (Plurinational State of),2010,1040.5
Bolivia (Plurinational State of),2009,995.9
Bolivia (Plurinational State of),2008,914
Bolivia (Plurinational State of),2007,887.8
Bolivia (Plurinational State of),2006,850.7
Bolivia (Plurinational State of),2005,785.7
Bolivia (Plurinational State of),2004,805.1
Bolivia (Plurinational State of),2003,809.2
Bolivia (Plurinational State of),2002,661.5
Bolivia (Plurinational State of),2001,685.7
Bolivia (Plurinational State of),2000,612.7
Bolivia (Plurinational State of),1999,508.8
Bosnia and Herzegovina,2017,1235
Bosnia and Herzegovina,2016,1244
Bosnia and Herzegovina,2015,1249
Bosnia and Herzegovina,2014,1335
Bosnia and Herzegovina,2013,1192
Bosnia and Herzegovina,2012,1303
Bosnia and Herzegovina,2011,1307
Bosnia and Herzegovina,2010,1276
Bosnia and Herzegovina,2009,1362
Bosnia and Herzegovina,2008,1367
Botswana,2017,240.6
Botswana,2015,85.9
Botswana,2013,131
Brazil,2015,34018.7
Brazil,2014,36811.2
Brazil,2013,34525.2
Brazil,2012,31619.3
Brazil,2011,28016
Brazil,2010,27905.3
Brazil,2009,25495.8
Brazil,2008,28682.2
Brazil,2007,23680.5
Brazil,2006,19007.8
Brazil,2005,35339.1
Brazil,2004,38611.2
British Virgin Islands,2005,36.7
British Virgin Islands,2004,33
British Virgin Islands,2003,23.6
British Virgin Islands,2002,24.9
British Virgin Islands,2001,29.9
British Virgin Islands,2000,28.6
British Virgin Islands,1999,25.7
British Virgin Islands,1995,11.2
Brunei Darussalam,2002,196.3
Brunei Darussalam,2001,197.2
Brunei Darussalam,2000,191.8
Brunei Darussalam,1999,517.3
Brunei Darussalam,1998,212.4
Brunei Darussalam,1997,138
Brunei Darussalam,1990,62.6
Bulgaria,2017,3080
Bulgaria,2016,2881
Bulgaria,2015,3011
Bulgaria,2014,3192
Bulgaria,2013,3135
Bulgaria,2012,3364
Bulgaria,2011,3732
Bulgaria,2010,4094
Bulgaria,2009,4449
Bulgaria,2008,4486
Bulgaria,2007,4172
Bulgaria,2006,4387
Bulgaria,2005,4502
Bulgaria,2004,4619
Bulgaria,2003,4690
Bulgaria,2002,4715
Bulgaria,2001,4773
Bulgaria,2000,4998
Bulgaria,1999,4910
Bulgaria,1998,4880
Bulgaria,1997,4809
Bulgaria,1996,5165
Bulgaria,1995,5838
Burkina Faso,2009,758.1
Burkina Faso,2008,710.4
Burkina Faso,2007,665.7
Burkina Faso,2006,624
Burkina Faso,2005,585
Burkina Faso,2004,548.5
Burundi,2019,24.4
Burundi,2018,17.3
Burundi,2017,39.1
Burundi,2016,44.7
Burundi,2015,59.4
Burundi,2014,23.5
Burundi,2012,21.8
Burundi,2011,66.9
Burundi,2010,7.2
Burundi,2009,13.8
Burundi,2008,15.6
Burundi,2007,10.8
Burundi,2006,13.8
Burundi,2005,13.2
Burundi,2004,18.2
Burundi,2003,18.2
Burundi,2002,22.9
Burundi,2001,13.1
Cabo Verde,2015,145.9
Cabo Verde,2013,145
Cabo Verde,2012,147.9
Cabo Verde,2010,113.4
Cabo Verde,2009,104.8
Cabo Verde,2008,97.3
Cabo Verde,2007,90.2
Cabo Verde,2006,83.6
Cabo Verde,2005,77.5
Cabo Verde,2004,71.8
Cabo Verde,2003,66.4
Cambodia,2012,461
Cambodia,2011,408
Cambodia,2010,383
Cambodia,2009,355
Cameroon,2009,7249.2
Cameroon,2008,6489.1
Cameroon,2007,3707.7
Cameroon,2006,3688.7
Chile,2014,7416
Chile,2011,6142.4
Chile,2010,5935.7
Chile,2009,5779.5
Chile,2008,5608
Chile,2007,5492.9
Chile,2006,5310.9
Chile,2005,5113.7
Chile,2004,4964.1
Chile,2003,4802.3
Chile,2002,4647.1
Chile,2001,4514.7
Chile,2000,4520.3
China,2020,235117
China,2019,242062
China,2018,228018
China,2017,215209
China,2016,203620
China,2015,191419
China,2014,178602
China,2013,172386
China,2012,170809
China,2011,163953
China,2010,158048
China,2009,157340
China,2008,154380
China,2007,152150
China,2006,148410
China,2005,155770
China,2004,155090
China,2003,148570
China,2002,136500
China,2001,134700
China,2000,118190
"China, Hong Kong Special Administrative Region",2019,5675
"China, Hong Kong Special Administrative Region",2018,5949
"China, Hong Kong Special Administrative Region",2017,5748
"China, Hong Kong Special Administrative Region",2016,5699
"China, Hong Kong Special Administrative Region",2015,5741
"China, Hong Kong Special Administrative Region",2014,5624
"China, Hong Kong Special Administrative Region",2013,5493
"China, Hong Kong Special Administrative Region",2012,5559
"China, Hong Kong Special Administrative Region",2011,6303
"China, Hong Kong Special Administrative Region",2010,6930
"China, Hong Kong Special Administrative Region",2009,6453
"China, Hong Kong Special Administrative Region",2008,6444
"China, Hong Kong Special Administrative Region",2007,6163
"China, Hong Kong Special Administrative Region",2006,6228
"China, Hong Kong Special Administrative Region",2005,6017
"China, Hong Kong Special Administrative Region",2004,5704
"China, Hong Kong Special Administrative Region",2003,5824
"China, Hong Kong Special Administrative Region",2002,5398
"China, Hong Kong Special Administrative Region",2001,5332
"China, Hong Kong Special Administrative Region",2000,5174
"China, Hong Kong Special Administrative Region",1999,4923
"China, Hong Kong Special Administrative Region",1998,4746
"China, Hong Kong Special Administrative Region",1997,4709
"China, Hong Kong Special Administrative Region",1996,4615
"China, Hong Kong Special Administrative Region",1995,4845
"China, Hong Kong Special Administrative Region",1990,3810
"China, Macao Special Administrative Region",2015,517
"China, Macao Special Administrative Region",2014,465.1
"China, Macao Special Administrative Region",2013,401.1
"China, Macao Special Administrative Region",2012,369.4
"China, Macao Special Administrative Region",2011,332.3
"China, Macao Special Administrative Region",2010,324.2
"China, Macao Special Administrative Region",2009,345.5
"China, Macao Special Administrative Region",2008,301.3
"China, Macao Special Administrative Region",2007,288.9
"China, Macao Special Administrative Region",2006,287.1
"China, Macao Special Administrative Region",2005,279.8
"China, Macao Special Administrative Region",2004,256.9
"China, Macao Special Administrative Region",2003,249.6
"China, Macao Special Administrative Region",2002,244.1
"China, Macao Special Administrative Region",2001,233.6
"China, Macao Special Administrative Region",2000,230.3
"China, Macao Special Administrative Region",1999,225.3
"China, Macao Special Administrative Region",1998,221.8
"China, Macao Special Administrative Region",1997,217.3
"China, Macao Special Administrative Region",1996,198.4
"China, Macao Special Administrative Region",1995,186
"China, Macao Special Administrative Region",1990,84.3
Colombia,2016,11032.5
Colombia,2015,10123.8
Colombia,2014,9461.3
Colombia,2013,8641.7
Colombia,2012,9228.2
Costa Rica,2002,1280
Croatia,2017,1716
Croatia,2016,1680
Croatia,2015,1654
Croatia,2014,1637
Croatia,2013,1721
Croatia,2012,1670
Croatia,2011,1645
Croatia,2010,1630
Croatia,2009,1743
Croatia,2008,1788
Croatia,2007,1719
Croatia,2006,1654
Croatia,2005,1449
Croatia,2004,1311
Croatia,2000,1173
Croatia,1997,1015
Cuba,2019,5782.1
Cuba,2018,6033.7
Cuba,2017,5916.5
Cuba,2016,5375.5
Cuba,2015,4888.4
Cuba,2014,4831.8
Cuba,2013,5033.8
Cuba,2012,5304
Cuba,2011,4227.8
Cuba,2010,4627.5
Cuba,2009,4574.4
Cuba,2008,5161.1
Cuba,2007,4360.1
Cuba,2006,4230.2
Cuba,2005,4450.6
Cuba,2004,4128.7
Cuba,2003,4088.1
Cuba,2002,3905
Curaçao,2017,173.1
Curaçao,2016,177.8
Curaçao,2015,257.2
Curaçao,2014,221.9
Curaçao,2013,155.8
Curaçao,2012,210.7
Curaçao,2011,191.7
Curaçao,2010,192.4
Cyprus,2017,547
Cyprus,2016,545
Cyprus,2015,541
Cyprus,2014,523
Cyprus,2013,533
Cyprus,2012,568
Cyprus,2011,572
Cyprus,2010,571
Cyprus,2009,589
Cyprus,2008,573
Cyprus,2007,540
Cyprus,2006,521
Cyprus,2005,508
Cyprus,2004,498
Cyprus,2003,481
Cyprus,2002,465
Cyprus,2001,456
Cyprus,2000,436
Cyprus,1999,426
Cyprus,1998,418
Cyprus,1997,411
Cyprus,1996,400
Cyprus,1995,387
Czechia,2017,3643
Czechia,2016,3580
Czechia,2015,3337
Czechia,2014,3261
Czechia,2013,3228
Czechia,2012,3233
Czechia,2011,3358
Czechia,2010,3334
Czechia,2009,3310
Czechia,2008,3176
Czechia,2007,3025
Czechia,2006,3039
Czechia,2005,2954
Czechia,2004,2841
Czechia,2003,2857
Czechia,2002,2845
Czechia,2001,2798
Czechia,2000,3434
Czechia,1999,3365
Czechia,1998,3017
Czechia,1997,3280
Czechia,1996,3200
Czechia,1995,3120
Democratic Republic of the Congo,2014,589168
Democratic Republic of the Congo,2013,479639
Democratic Republic of the Congo,2012,314269
Denmark,2017,4503
Denmark,2016,4484
Denmark,2015,4485
Denmark,2014,4450
Denmark,2013,4437
Denmark,2012,4421
Denmark,2011,4349
Denmark,2009,4206
Denmark,2008,4560
Denmark,2007,4313
Denmark,2006,4021
Denmark,2005,3990
Denmark,2004,3757
Denmark,2003,3618
Denmark,2002,3568
Denmark,2001,3519
Denmark,2000,3546
Denmark,1999,3329
Denmark,1998,3141
Denmark,1997,3104
Denmark,1996,3253
Denmark,1995,2725
Dominica,2005,20.9
Dominica,2004,20.9
Dominica,2003,20.9
Dominica,2002,20.9
Dominica,2001,20.9
Ecuador,2020,4603.6
Ecuador,2019,4625
Ecuador,2018,4649.7
Ecuador,2017,4503.1
Ecuador,2016,4707.8
Ecuador,2015,4682.7
Ecuador,2014,4089.2
Ecuador,2013,2896.6
Ecuador,2012,2755.5
Ecuador,2011,4033
Egypt,2012,94868
Egypt,2010,29209
Egypt,2009,35635
Egypt,2008,29306.1
Estonia,2017,514
Estonia,2016,494
Estonia,2015,473
Estonia,2014,470
Estonia,2013,386
Estonia,2012,371
Estonia,2011,399
Estonia,2010,406
Estonia,2009,452
Estonia,2008,524
Estonia,2007,602
Estonia,2006,536
Estonia,2005,587
Estonia,2004,606
Estonia,2003,567
Estonia,2002,553
Estonia,2001,509
Estonia,2000,633
Estonia,1999,569
Estonia,1998,557
Estonia,1997,593
Estonia,1996,565
Estonia,1995,533
Fiji,2021,167.1
Fiji,2020,167.7
Fiji,2019,173.1
Fiji,2018,172.4
Fiji,2017,165
Fiji,2016,160.6
Fiji,2015,159.4
Fiji,2014,155.6
Fiji,2013,155.4
Fiji,2012,161.9
Fiji,2011,157.9
Fiji,2010,158
Fiji,2009,158.7
Fiji,2008,160
Fiji,2007,150.6
Fiji,2006,146.7
Finland,2017,2812
Finland,2016,2768
Finland,2015,2738
Finland,2014,2630
Finland,2013,2682
Finland,2012,2738
Finland,2011,2719
Finland,2010,2519
Finland,2009,2562
Finland,2008,2768
Finland,2007,2675
Finland,2006,2600
Finland,2005,2506
Finland,2004,2453
Finland,2003,2428
Finland,2002,2384
Finland,2001,2412
Finland,2000,2600
Finland,1999,2500
Finland,1998,2400
Finland,1997,2300
Finland,1996,2100
Finland,1995,2109
France,2017,34393
France,2016,34339
France,2015,34284
France,2014,34230
France,2013,34176
France,2012,34484
France,2011,34790
France,2010,34609
France,2009,34426
France,2008,34501
France,2007,34577
France,2006,33962
France,2005,33347
France,2004,32444
France,2003,31400
France,2002,32684
France,2001,32198
France,2000,31232
France,1999,30612
France,1998,30449
France,1997,29677
France,1996,28950
France,1995,28253
French Guiana,2019,108
French Guiana,2018,106.5
French Guiana,2017,104.9
French Guiana,2016,108
French Guiana,2015,111
French Guiana,2014,90.6
French Guiana,2013,70.1
French Guiana,2012,90.9
French Guiana,2011,111.7
French Guiana,2010,102.6
French Guiana,2009,93.4
French Guiana,2008,87.3
French Guiana,2007,81.2
French Guiana,2006,91.2
French Guiana,2005,101.2
French Guiana,1999,65.1
French Guiana,1998,68.3
French Guiana,1997,82.9
French Guiana,1996,36.1
French Polynesia,2015,83.3
French Polynesia,2014,104
French Polynesia,2013,124.7
French Polynesia,2012,115.7
French Polynesia,2011,106.7
Georgia,2020,973.3
Georgia,2019,994.6
Georgia,2018,977.4
Georgia,2017,922.1
Georgia,2016,870.3
Georgia,2015,774.7
Georgia,2009,880
Georgia,2008,875
Georgia,2007,855
Germany,2017,52342
Germany,2016,52133
Germany,2015,51625
Germany,2014,51102
Germany,2013,49570
Germany,2012,49759
Germany,2011,50237
Germany,2010,49237
Germany,2009,48466
Germany,2008,48367
Germany,2007,47887
Germany,2006,46426
Germany,2005,46555
Germany,2004,48434
Germany,2003,49622
Germany,2002,52772
Germany,2001,52075
Germany,2000,52810
Germany,1999,52373
Germany,1998,53058
Germany,1997,53966
Germany,1996,52544
Germany,1995,50894
Ghana,2017,4113.2
Ghana,2016,4012.9
Ghana,2015,3915
Ghana,2014,3657
Ghana,2013,3567.8
Ghana,2012,3480.8
Ghana,2011,3395.9
Ghana,2010,3313.1
Ghana,2009,3000.5
Ghana,2008,2806.3
Ghana,2007,2582.8
Ghana,2006,2369.1
Ghana,2005,2271.3
Ghana,2004,1935.1
Ghana,2003,1854.4
Ghana,2002,1805.6
Ghana,2001,1729.8
Ghana,2000,1656.7
Ghana,1999,1503.9
Ghana,1998,1388.6
Ghana,1997,1303.3
Ghana,1996,1197
Ghana,1995,1095.2
Ghana,1990,753.9
Greece,2015,5249
Greece,2014,5315
Greece,2013,5284
Greece,2012,5463
Greece,2011,5586
Greece,2010,5917
Greece,2009,5154
Greece,2008,5077
Greece,2007,5002
Greece,2006,4927
Greece,2005,4853
Greece,2004,4782
Greece,2003,4710
Greece,2002,4640
Greece,2001,4559
Greece,2000,4447
Greece,1999,4264
Greece,1998,4082
Greece,1997,3900
Greece,1996,3600
Greece,1995,3200
Guadeloupe,2019,245.5
Guadeloupe,2018,253.4
Guadeloupe,2017,261.2
Guadeloupe,2016,237.4
Guadeloupe,2015,213.7
Guadeloupe,2014,238.4
Guadeloupe,2013,263.1
Guadeloupe,2012,250.3
Guadeloupe,2011,237.4
Guadeloupe,2010,221.2
Guadeloupe,2009,204.9
Guadeloupe,2008,239.2
Guadeloupe,2007,273.5
Guadeloupe,2006,227.3
Guadeloupe,2005,181.1
Guadeloupe,1999,216.7
Honduras,2013,670.2
Honduras,2010,940.8
Honduras,1990,378.2
Hungary,2017,3768
Hungary,2016,3721
Hungary,2015,3712
Hungary,2014,3795
Hungary,2013,3738
Hungary,2012,3988
Hungary,2011,3809
Hungary,2010,4033
Hungary,2009,4312
Hungary,2008,4553
Hungary,2007,4594
Hungary,2006,4711
Hungary,2005,4646
Hungary,2004,4592
Hungary,2003,4700
Hungary,2002,4646
Hungary,2001,4603
Hungary,2000,4552
Hungary,1999,4943
Hungary,1998,4976
Hungary,1997,5016
Hungary,1996,4834
Hungary,1995,4752
Iceland,2017,225
Iceland,2016,220
Iceland,2015,195
Iceland,2014,175
Iceland,2013,167
Iceland,2012,164
Iceland,2011,158
Iceland,2010,154
Iceland,2009,132
Iceland,2008,208
Iceland,2007,174
Iceland,2006,171
Iceland,2005,153
Iceland,2004,147
Iceland,2003,140
Iceland,2002,137
Iceland,2001,133
Iceland,2000,130
Iceland,1999,126
Iceland,1998,123
Iceland,1997,120
Iceland,1996,117
Iceland,1995,114
Indonesia,2017,9536.6
Indonesia,2016,9236.9
Indonesia,2015,6026.8
Indonesia,2014,5842.4
Indonesia,2013,6002.8
Indonesia,2012,7650.4
Indonesia,2011,7742.3
Indonesia,2010,7245.2
Indonesia,2009,6866.2
Indonesia,2007,7576.8
Indonesia,2006,5256.5
Indonesia,2005,5874.7
Indonesia,2004,6044.4
Indonesia,2003,5470.8
Indonesia,2002,4859.6
Indonesia,2001,4726.1
Indonesia,2000,4778.8
Indonesia,1999,4609.4
Indonesia,1998,4345.1
Indonesia,1997,4835.3
Indonesia,1996,4997.1
Indonesia,1995,4647.3
Indonesia,1990,2477.2
Iraq,2020,19711
Iraq,2019,17326
Iraq,2018,18114
Iraq,2017,20373
Iraq,2016,14546
Iraq,2015,14349
Iraq,2014,12301
Iraq,2013,12778
Iraq,2012,13113
Iraq,2011,13236
Iraq,2010,17551
Iraq,2005,5446
Ireland,2016,2763
Ireland,2014,2619
Ireland,2012,2693
Ireland,2011,2823
Ireland,2010,2846
Ireland,2009,2953
Ireland,2008,3224
Ireland,2007,3398
Ireland,2006,3385
Ireland,2005,3041
Ireland,2004,3001
Ireland,2003,2918
Ireland,2002,2720
Ireland,2001,2704
Ireland,2000,2279
Ireland,1999,2168
Ireland,1998,2057
Ireland,1997,2000
Ireland,1996,1898
Ireland,1995,1848
Israel,2015,5126.2
Israel,2014,4999.5
Israel,2013,4906.6
Israel,2012,4837.4
Israel,2011,4745.8
Israel,2010,4623.2
Israel,2009,4550.8
Israel,2008,4434
Israel,2007,4304
Israel,2006,4227
Israel,2005,4086
Israel,2004,3978
Israel,2003,3846.9
Israel,2002,3855.4
Israel,2001,3590.5
Israel,2000,3967.6
Italy,2017,29583
Italy,2016,30112
Italy,2015,29524
Italy,2014,29652
Italy,2013,29573
Italy,2012,29994
Italy,2011,31386
Italy,2010,32440
Italy,2009,32107
Italy,2008,32461
Italy,2007,32536
Italy,2006,32516
Italy,2005,31668
Italy,2004,31150
Italy,2003,30035
Italy,2002,29864
Italy,2001,29409
Italy,2000,28959
Italy,1999,28364
Italy,1998,26846
Italy,1997,26605
Italy,1996,25960
Italy,1995,25780
Jamaica,2006,1464
Jamaica,2005,970
Jamaica,2004,965
Jamaica,2003,962
Jamaica,2002,955
Jamaica,2001,953
Jamaica,1999,945
Japan,2016,43170
Japan,2015,43981
Japan,2014,44317
Japan,2013,44874
Japan,2012,45234
Japan,2011,45430
Japan,2010,45359
Japan,2009,46252
Japan,2008,48106
Japan,2007,50816
Japan,2006,52024
Japan,2005,52720
Japan,2004,53376
Japan,2003,54271
Japan,2002,54199
Japan,2001,54681
Japan,2000,54833
Japan,1999,53699
Japan,1998,53605
Japan,1997,53098
Japan,1996,52908
Japan,1995,52224
Japan,1994,51800
Japan,1993,51268
Japan,1992,50903
Japan,1991,51132
Japan,1990,50257
Kazakhstan,2021,4006.4
Kazakhstan,2020,3708.3
Kazakhstan,2019,3674
Kazakhstan,2018,3692.4
Kazakhstan,2017,3415
Kazakhstan,2016,2942.7
Kazakhstan,2015,3235.5
Kazakhstan,2014,3446.3
Kazakhstan,2013,3547.7
Kazakhstan,2012,3588.3
Kazakhstan,2011,3919
Kazakhstan,2010,3784.7
Kazakhstan,2009,3928.3
Kazakhstan,2008,3411.9
Kazakhstan,2007,3351.8
Kazakhstan,2006,2401.2
Kazakhstan,2005,2091.9
Kenya,2021,2354.6
Kenya,2020,1969.1
Kenya,2019,1456.8
Kenya,2018,1226.7
Kenya,2017,1079
Kenya,2016,1157.1
Kenya,2015,282
Kenya,2014,331
Kuwait,2019,18668.9
Kuwait,2018,15404.6
Kuwait,2017,18398.1
Kuwait,2016,14135.5
Kuwait,2015,12639.5
Kuwait,2014,14176.6
Kuwait,2013,11897
Kuwait,2012,11392.6
Kuwait,2011,11248.7
Kuwait,2010,9185.9
Kuwait,2009,8382.1
Kuwait,2008,9070
Kuwait,2007,8947
Kuwait,2006,10202
Kuwait,2005,5948
Kuwait,2004,5417
Kuwait,2003,5070
Kuwait,2002,6076
Kuwait,2001,5272
Kuwait,2000,4204
Kyrgyzstan,2017,1403.8
Kyrgyzstan,2016,1230
Kyrgyzstan,2015,1113.3
Kyrgyzstan,2014,994.8
Kyrgyzstan,2013,1174.4
Kyrgyzstan,2012,980.4
Kyrgyzstan,2011,1173.8
Kyrgyzstan,2010,1114.7
Kyrgyzstan,2009,6641.9
Kyrgyzstan,2008,2521.4
Kyrgyzstan,2007,1658.6
Kyrgyzstan,2006,1544.5
Kyrgyzstan,2005,1383.7
Kyrgyzstan,2004,1602
Kyrgyzstan,2003,1242
Kyrgyzstan,2002,1272
Kyrgyzstan,2001,1377
Kyrgyzstan,2000,1302
Kyrgyzstan,1999,1313
Kyrgyzstan,1998,1194
Kyrgyzstan,1997,1512
Kyrgyzstan,1996,1319
Kyrgyzstan,1995,1512
Kyrgyzstan,1990,2753
Latvia,2017,851
Latvia,2016,802
Latvia,2015,798
Latvia,2014,726
Latvia,2013,704
Latvia,2012,658
Latvia,2011,721
Latvia,2010,680
Latvia,2009,753
Latvia,2008,752
Latvia,2007,861
Latvia,2006,760
Latvia,2005,716
Latvia,2004,720
Latvia,2003,695
Latvia,2002,793
Latvia,2001,713
Latvia,2000,642
Latvia,1999,613
Latvia,1998,597
Latvia,1997,621
Latvia,1996,650
Latvia,1995,657
Lebanon,2012,1940
Lebanon,2009,1720
Lebanon,2004,1580
Lebanon,2001,1438
Liechtenstein,2021,33.9
Liechtenstein,2020,34.3
Liechtenstein,2019,33
Liechtenstein,2018,30.6
Liechtenstein,2017,33.6
Liechtenstein,2016,32.7
Liechtenstein,2015,32.4
Liechtenstein,2014,31.4
Liechtenstein,2013,33.3
Liechtenstein,2012,35.1
Liechtenstein,2011,35.9
Liechtenstein,2010,32.8
Liechtenstein,2009,35.4
Liechtenstein,2008,37.9
Liechtenstein,2007,39.9
Liechtenstein,2006,38.9
Liechtenstein,2005,40.1
Liechtenstein,2004,36.2
Liechtenstein,2003,36.8
Liechtenstein,2002,36.1
Liechtenstein,2001,35.3
Liechtenstein,2000,36.4
Liechtenstein,1999,32.3
Liechtenstein,1998,26.3
Liechtenstein,1997,25.5
Liechtenstein,1996,24.9
Liechtenstein,1995,24.4
Liechtenstein,1990,26
Lithuania,2017,1286
Lithuania,2016,1272
Lithuania,2015,1300
Lithuania,2014,1270
Lithuania,2013,1280
Lithuania,2012,1330
Lithuania,2011,1339
Lithuania,2010,1253
Lithuania,2009,1206
Lithuania,2008,1369
Lithuania,2007,1354
Lithuania,2006,1326
Lithuania,2005,1287
Lithuania,2004,1260
Lithuania,2003,1328
Lithuania,2002,1395
Lithuania,2001,1313
Lithuania,2000,1276
Lithuania,1999,1236
Lithuania,1998,1578
Lithuania,1997,1510
Lithuania,1996,1445
Lithuania,1995,1546
Luxembourg,2017,362
Luxembourg,2016,355
Luxembourg,2015,346
Luxembourg,2014,348
Luxembourg,2013,335
Luxembourg,2012,346
Luxembourg,2011,345
Luxembourg,2010,344
Luxembourg,2009,338
Luxembourg,2008,341
Luxembourg,2007,333
Luxembourg,2006,323
Luxembourg,2005,313
Luxembourg,2004,311
Luxembourg,2003,306
Luxembourg,2002,291
Luxembourg,2001,285
Luxembourg,2000,285
Luxembourg,1999,278
Luxembourg,1998,266
Luxembourg,1997,253
Luxembourg,1996,242
Luxembourg,1995,240
Madagascar,2007,419.4
Madagascar,2004,341.3
Malaysia,2019,2628.1
Malaysia,2018,2613.3
Malaysia,2017,2558
Malaysia,2016,2729.5
Malaysia,2015,2813.6
Malaysia,2014,2758.4
Malaysia,2013,2720
Malaysia,2012,2781.3
Malaysia,2011,2844.6
Malaysia,2010,2559
Malaysia,2009,10304.9
Malaysia,2008,9769.8
Malaysia,2007,9262.5
Malaysia,2006,8781.6
Malaysia,2005,8325.6
Malaysia,2004,7893.3
Malaysia,2003,7483.5
Malaysia,2002,7094.9
Malaysia,2001,6726.5
Malaysia,2000,6377.2
Maldives,2014,325.4
Maldives,2013,440.3
Maldives,2012,210.7
Maldives,2011,210.4
Maldives,2010,222.5
Maldives,2009,231.9
Maldives,2008,232
Maldives,2007,228.4
Maldives,2006,224.3
Maldives,2005,113.9
Maldives,2004,109.5
Maldives,2003,96
Maldives,2002,136.1
Maldives,2001,10.4
Maldives,2000,9.6
Maldives,1999,8.9
Maldives,1995,6.5
Maldives,1990,5.8
Malta,2017,283
Malta,2016,270
Malta,2015,270
Malta,2014,257
Malta,2013,247
Malta,2012,248
Malta,2011,245
Malta,2010,249
Malta,2009,268
Malta,2008,276
Malta,2007,266
Malta,2006,253
Malta,2005,252
Malta,2004,250
Malta,2003,231
Malta,2002,214
Malta,2001,212
Malta,2000,208
Malta,1999,181
Malta,1998,177
Malta,1997,167
Malta,1996,156
Malta,1995,146
Marshall Islands,2007,26
Martinique,2019,197.9
Martinique,2018,198
Martinique,2017,197.9
Martinique,2016,194.7
Martinique,2015,191.5
Martinique,2014,193
Martinique,2013,194.5
Martinique,2012,196
Martinique,2011,197.5
Martinique,2010,189.2
Martinique,2009,180.8
Martinique,2008,196.2
Martinique,2007,211.6
Martinique,2001,245.6
Martinique,1999,218.4
Mauritius,2021,501.2
Mauritius,2020,505.1
Mauritius,2019,537.2
Mauritius,2018,543.2
Mauritius,2017,496.7
Mauritius,2016,483
Mauritius,2015,486.5
Mauritius,2014,458.5
Mauritius,2013,449.2
Mauritius,2012,422.7
Mauritius,2011,419.7
Mauritius,2010,427.8
Mauritius,2009,427.9
Mauritius,2008,408.5
Mauritius,2007,395.9
Mauritius,2006,407
Mauritius,2005,376.3
Mauritius,2004,371.9
Mauritius,2003,359.5
Mauritius,2002,332.4
Mauritius,2001,298.7
Mauritius,2000,253.2
Mexico,2012,42103
Mexico,2011,41062
Mexico,2010,40059
Mexico,2009,38325
Mexico,2008,37595
Mexico,2007,36865
Mexico,2006,36135
Mexico,2005,35405
Mexico,2004,34604
Mexico,2003,32916
Mexico,2002,32174
Mexico,2001,31489
Mexico,2000,30733
Mexico,1999,30952
Mexico,1998,30550
Mexico,1997,29272
Mexico,1996,31959
Mexico,1995,30510
Mexico,1994,29472
Mexico,1993,28090
Mexico,1992,21968
Mexico,1991,21062
Monaco,2017,31
Monaco,2016,30.5
Monaco,2015,30.8
Monaco,2014,30.7
Monaco,2013,30.8
Monaco,2012,45.5
Monaco,2011,43.9
Monaco,2010,38.9
Monaco,2009,36.7
Monaco,2008,40.7
Monaco,2007,41.1
Monaco,2006,39.5
Monaco,2005,39.9
Monaco,2004,39.9
Monaco,2003,40
Monaco,2002,40.2
Monaco,2001,39.6
Monaco,2000,38.9
Monaco,1999,36.7
Monaco,1998,41
Monaco,1997,44.7
Monaco,1996,49.3
Monaco,1995,47.6
Montenegro,2012,279.7
Montenegro,2011,297.4
Montenegro,2010,329.6
Montenegro,2009,349.4
Montenegro,2008,382
Montenegro,2007,493.2
Montenegro,2006,304
Montenegro,2002,677.7
Montenegro,1995,839.1
Montenegro,1990,414.7
Montserrat,2010,0.7
Morocco,2015,5817.1
Morocco,2014,5668
Morocco,2000,6500
Myanmar,2021,378.9
Myanmar,2020,363.5
Myanmar,2019,444.7
Myanmar,2018,412.3
Myanmar,2017,350.3
Myanmar,2016,338.2
Myanmar,2015,352.9
Myanmar,2014,329.3
Myanmar,2013,285.4
Myanmar,2012,189.4
Nepal,2019,654.2
Nepal,2018,634.2
Nepal,2017,653.7
Nepal,2012,1.3
Nepal,2002,418.4
Nepal,2001,418
Netherlands,2017,8787
Netherlands,2016,8858
Netherlands,2015,8866
Netherlands,2014,8894
Netherlands,2013,8840
Netherlands,2012,9203
Netherlands,2011,9479
Netherlands,2010,9484
Netherlands,2009,9738
Netherlands,2008,9868
Netherlands,2007,9922
Netherlands,2006,9761
Netherlands,2005,9769
Netherlands,2004,9746
Netherlands,2003,9504
Netherlands,2002,9684
Netherlands,2001,9550
Netherlands,2000,9529
Netherlands,1999,9205
Netherlands,1998,9069
Netherlands,1997,8986
Netherlands,1996,8565
Netherlands,1995,8337
New Zealand,2017,3481
New Zealand,2016,3405
New Zealand,2015,3221
New Zealand,2014,2931
New Zealand,2013,2684
New Zealand,2012,2514
New Zealand,2011,2512
New Zealand,2010,2532
New Zealand,2006,3156
New Zealand,2004,3186
New Zealand,2003,3075
New Zealand,2002,3022
New Zealand,1995,3180
New Zealand,1990,3330
Niger,2005,9750
Niger,2004,9375
Niger,2003,9000
Niger,2002,8625
Niger,2001,8250
Niger,2000,7875
Niger,1999,7500
Niger,1998,6750
North Macedonia,2017,714
North Macedonia,2016,797
North Macedonia,2015,786
North Macedonia,2014,765
North Macedonia,2013,793
North Macedonia,2012,786
North Macedonia,2011,735
North Macedonia,2010,721
North Macedonia,2009,726
North Macedonia,2008,714
Norway,2017,3949
Norway,2016,3946
Norway,2015,2187
Norway,2014,2175
Norway,2013,2518
Norway,2012,2392
Norway,2011,2403
Norway,2010,2295
Norway,2009,2269
Norway,2008,2324
Norway,2007,2312
Norway,2006,2140
Norway,2005,1968
Norway,2004,1903
Norway,2003,1836
Norway,2002,1780
Norway,2001,1629
Norway,2000,2755
Norway,1999,2650
Norway,1998,2858
Norway,1997,2721
Norway,1996,2761
Norway,1995,2722
Oman,2020,2162.6
Oman,2019,1958.8
Oman,2018,1784.9
Oman,2017,1666.6
Oman,2016,614.7
Panama,2019,791.9
Panama,2018,788.5
Panama,2017,781.7
Panama,2016,832.6
Panama,2015,701.6
Panama,2014,687
Panama,2013,677.4
Panama,2012,670.1
Panama,2011,674.4
Panama,2010,634
Panama,2009,553.6
Panama,2008,497.3
Panama,2007,514.7
Panama,2006,396.7
Panama,2005,383
Panama,2004,393.4
Panama,2003,382.5
Panama,2002,369.8
Panama,2001,372.7
Panama,2000,354
Panama,1999,321.7
Panama,1998,343.8
Panama,1997,306.2
Panama,1996,279.6
Panama,1995,264.8
Peru,2021,7735.2
Peru,2020,7152.9
Peru,2019,5707.5
Poland,2017,11969
Poland,2016,11654
Poland,2015,10863
Poland,2014,10330
Poland,2013,11295
Poland,2012,12084
Poland,2011,12129
Poland,2010,12032
Poland,2009,12053
Poland,2008,12194
Poland,2007,12264
Poland,2006,12235
Poland,2005,12169
Poland,2004,9759
Poland,2003,9925
Poland,2002,10509
Poland,2001,11109
Poland,2000,12226
Poland,1999,12317
Poland,1998,11827
Poland,1997,12183
Poland,1996,11621
Poland,1995,10985
Portugal,2017,5012
Portugal,2016,4897
Portugal,2015,4769
Portugal,2014,4710
Portugal,2013,4598
Portugal,2012,4766
Portugal,2011,5178
Portugal,2010,5457
Portugal,2009,5496
Portugal,2008,5472
Portugal,2007,4967
Portugal,2006,4898
Portugal,2005,4745
Portugal,2004,4665
Portugal,2003,4693
Portugal,2002,4595
Portugal,2001,4709
Portugal,2000,4705
Portugal,1999,4427
Portugal,1998,4198
Portugal,1997,4013
Portugal,1996,3740
Portugal,1995,3529
Qatar,2019,18667.1
Qatar,2018,5946.9
Qatar,2017,8156.6
Qatar,2016,8394.3
Qatar,2015,7674.5
Qatar,2014,9896.2
Qatar,2013,12117.3
Qatar,2012,12253.5
Qatar,2011,2593.7
Qatar,2010,2619.2
Qatar,2009,2739.8
Qatar,2008,2510.6
Republic of Korea,2016,19627
Republic of Korea,2015,18705
Republic of Korea,2014,18219
Republic of Korea,2013,17786
Republic of Korea,2012,17881
Republic of Korea,2011,17861
Republic of Korea,2010,17943
Republic of Korea,2009,18581
Republic of Korea,2008,19006
Republic of Korea,2007,18376
Republic of Korea,2006,17828
Republic of Korea,2005,17665
Republic of Korea,2004,18252
Republic of Korea,2003,18519
Republic of Korea,2002,18214
Republic of Korea,2001,17702
Republic of Korea,2000,16950
Republic of Korea,1999,16649
Republic of Korea,1998,16273
Republic of Korea,1997,17482
Republic of Korea,1996,18223
Republic of Korea,1995,17438
Republic of Korea,1994,21213
Republic of Korea,1993,22973
Republic of Korea,1992,27410
Republic of Korea,1991,33670
Republic of Korea,1990,30646
Republic of Moldova,2021,768.6
Republic of Moldova,2020,697.7
Republic of Moldova,2019,3445.4
Republic of Moldova,2018,3176.1
Republic of Moldova,2017,3286.1
Republic of Moldova,2016,3143
Republic of Moldova,2015,2834.1
Republic of Moldova,2014,2823.4
Republic of Moldova,2013,2647.4
Republic of Moldova,2012,2421.1
Republic of Moldova,2011,2401.9
Republic of Moldova,2010,2359.5
Republic of Moldova,2009,2267.6
Republic of Moldova,2008,2172.8
Republic of Moldova,2007,1819.5
Republic of Moldova,2006,1381.4
Republic of Moldova,2005,1292.4
Republic of Moldova,2004,1224.3
Republic of Moldova,2003,1164.3
Republic of Moldova,2002,1172.7
Republic of Moldova,2001,1130.8
Republic of Moldova,2000,1175
Republic of Moldova,1999,1251.2
Republic of Moldova,1998,1377.4
Republic of Moldova,1997,1439.6
Republic of Moldova,1996,1574.2
Republic of Moldova,1995,1580.2
Réunion,2019,507.4
Réunion,2018,538
Réunion,2017,568.1
Réunion,2016,529
Réunion,2015,489.9
Réunion,2014,503
Réunion,2013,516.1
Réunion,2012,523.3
Réunion,2011,530.6
Réunion,2010,499
Réunion,2009,467.3
Réunion,2008,447.6
Réunion,2007,427.8
Réunion,2006,493.3
Réunion,2005,558.8
Réunion,2000,372
Réunion,1998,366
Réunion,1997,291
Romania,2017,5325
Romania,2016,5136
Romania,2015,4904
Romania,2014,4956
Romania,2013,5071
Romania,2012,5044
Romania,2011,5216
Romania,2010,6343
Romania,2009,7768
Romania,2008,8439
Romania,2007,8161
Romania,2006,8392
Romania,2005,8173
Romania,2004,7483
Romania,2003,7611
Romania,2002,8365
Romania,2001,7539
Romania,2000,7961
Romania,1999,7066
Romania,1998,6246
Romania,1997,7347
Romania,1996,7375
Romania,1995,7758
Saint Lucia,2019,79
Saint Lucia,2018,72
Saint Lucia,2017,75
Saint Lucia,2016,83
Saint Lucia,2015,74
Saint Lucia,2014,70
Saint Lucia,2013,72
Saint Lucia,2012,69
Saint Lucia,2011,68
Saint Lucia,2010,76
Saint Lucia,2009,76
Saint Lucia,2008,75
Saint Lucia,2007,78
Saint Lucia,2006,72
Saint Lucia,2005,71
Saint Lucia,2004,70
Saint Vincent and the Grenadines,2002,37.8
Samoa,2017,15.4
Samoa,2016,13.9
Samoa,2015,5.1
Samoa,2014,8.8
Samoa,2013,5.2
Senegal,2005,465
Senegal,2000,392
Senegal,1995,330
Serbia,2015,1374
Serbia,2014,1685
Serbia,2013,1945
Serbia,2012,1830
Serbia,2011,2090
Serbia,2010,1890
Serbia,2009,1580
Serbia,2008,1520
Serbia,2007,1240
Serbia,2006,1040
Seychelles,2021,43
Seychelles,2020,43.5
Seychelles,2019,51.5
Singapore,2021,6944
Singapore,2020,5880
Singapore,2019,7234
Singapore,2018,7695
Singapore,2017,7704
Singapore,2016,7814
Singapore,2015,7673.5
Singapore,2014,7514.8
Singapore,2013,7851.2
Singapore,2012,7269.5
Singapore,2011,6898
Singapore,2010,6517
Singapore,2009,6114.2
Singapore,2008,5970.1
Singapore,2007,5601.6
Singapore,2006,5220.5
Singapore,2005,5018.2
Singapore,2004,4789.3
Singapore,2003,4728.4
Singapore,2002,4809
Singapore,2001,5035.4
Singapore,2000,4650.9
Singapore,1999,2792.6
Singapore,1998,2842.2
Singapore,1997,2796.2
Singapore,1996,2756.8
Slovakia,2017,2058
Slovakia,2016,1890
Slovakia,2015,1784
Slovakia,2014,1733
Slovakia,2013,1645
Slovakia,2012,1657
Slovakia,2011,1679
Slovakia,2010,1719
Slovakia,2009,1654
Slovakia,2008,1686
Slovakia,2007,1579
Slovakia,2006,1524
Slovakia,2005,1468
Slovakia,2004,1400
Slovakia,2003,1511
Slovakia,2002,1449
Slovakia,2001,1286
Slovakia,2000,1369
Slovakia,1999,1408
Slovakia,1998,1396
Slovakia,1997,1477
Slovakia,1996,1479
Slovakia,1995,1580
Slovenia,2017,974
Slovenia,2016,943
Slovenia,2015,926
Slovenia,2014,892
Slovenia,2013,853
Slovenia,2012,744
Slovenia,2011,852
Slovenia,2010,1004
Slovenia,2009,1069
Slovenia,2008,1095
Slovenia,2007,1060
Slovenia,2006,1036
Slovenia,2005,989
Slovenia,2004,969
Slovenia,2003,834
Slovenia,2002,812
Slovenia,2001,953
Slovenia,2000,1020
Slovenia,1999,1090
Slovenia,1998,1159
Slovenia,1997,1170
Slovenia,1996,1175
Slovenia,1995,1186
Spain,2017,21530
Spain,2016,21542
Spain,2015,21158
Spain,2014,20836
Spain,2013,21184
Spain,2012,21896
Spain,2011,22672
Spain,2010,23774
Spain,2009,25108
Spain,2008,25317
Spain,2007,26154
Spain,2006,26209
Spain,2005,25683
Spain,2004,25746
Spain,2003,27270
Spain,2002,26404
Spain,2001,26616
Spain,2000,26505
Spain,1999,24470
Spain,1998,22423
Spain,1997,22174
Spain,1996,21125
Spain,1995,20076
Sri Lanka,2016,1378.1
Sri Lanka,2004,1036
State of Palestine,2021,1997
State of Palestine,2020,1921
State of Palestine,2019,1848
State of Palestine,2018,1780
State of Palestine,2017,1600
State of Palestine,2016,1698.6
State of Palestine,2015,1650.9
State of Palestine,2014,1603.9
State of Palestine,2013,1557.8
State of Palestine,2012,1513
State of Palestine,2011,1468
State of Palestine,2010,1426
State of Palestine,2009,1385
State of Palestine,2008,1346
State of Palestine,2007,1309
State of Palestine,2006,1271
State of Palestine,2005,1234
State of Palestine,2004,1198
State of Palestine,2003,1165
State of Palestine,2002,1133
State of Palestine,2001,1102
Sudan (Former),2009,1355
Sudan (Former),2008,967
Sudan (Former),2007,866
Sudan (Former),2006,732
Sudan (Former),2005,573
Sudan (Former),2004,505
Sudan (Former),2003,415
Sudan (Former),2002,276
Suriname,2019,197.4
Suriname,2018,192.2
Suriname,2017,195.2
Suriname,2016,202.8
Suriname,2015,205
Suriname,2014,196.9
Suriname,2013,213.4
Suriname,2012,77.2
Suriname,2011,84
Suriname,2010,82.2
Suriname,2009,76.6
Suriname,2008,75.9
Suriname,2007,183.5
Sweden,2017,4551
Sweden,2016,4393
Sweden,2015,4377
Sweden,2014,4246
Sweden,2013,4326
Sweden,2012,4285
Sweden,2011,4246
Sweden,2010,4115
Sweden,2009,4366
Sweden,2008,4455
Sweden,2007,4442
Sweden,2006,4447
Sweden,2005,4306
Sweden,2004,4134
Sweden,2003,4156
Sweden,2002,4149
Sweden,2001,3907
Sweden,2000,3793
Sweden,1999,3794
Sweden,1998,3869
Sweden,1997,3678
Sweden,1996,3458
Sweden,1995,3405
Switzerland,2017,5992
Switzerland,2016,6056
Switzerland,2015,6030
Switzerland,2014,6006
Switzerland,2013,5708
Switzerland,2012,5576
Switzerland,2011,5478
Switzerland,2010,5565
Switzerland,2009,5461
Switzerland,2008,5653
Switzerland,2007,5465
Switzerland,2006,5330
Switzerland,2005,4940
Switzerland,2004,4900
Switzerland,2003,4916
Switzerland,2002,4936
Switzerland,2001,4794
Switzerland,2000,4731
Switzerland,1999,4555
Switzerland,1998,4369
Switzerland,1997,4294
Switzerland,1996,4280
Switzerland,1995,4240
Thailand,2021,19510
Thailand,2020,20490
Thailand,2019,23219
Thailand,2018,22215
Thailand,2017,21663
Thailand,2016,20877
Thailand,2015,20460
Thailand,2014,19660
Togo,2012,197
Togo,2011,175
Togo,2010,173
Trinidad and Tobago,2002,425
Trinidad and Tobago,2001,379
Trinidad and Tobago,2000,424
Trinidad and Tobago,1999,336
Trinidad and Tobago,1998,323
Trinidad and Tobago,1997,296
Trinidad and Tobago,1996,259
Trinidad and Tobago,1995,247
Trinidad and Tobago,1990,215
Tunisia,2004,1316.3
Tunisia,2003,1205
Tunisia,2002,1195
Tunisia,2001,1180
Tunisia,2000,1170
Tunisia,1994,1023
Turkey,2017,34173
Turkey,2016,33763
Turkey,2015,31283
Turkey,2014,31230
Turkey,2013,30920
Turkey,2012,30786
Turkey,2011,30862
Turkey,2010,29733
Turkey,2009,30196
Turkey,2008,28454
Turkey,2007,30366
Turkey,2006,30082
Turkey,2005,31352
Turkey,2004,29736
Turkey,2003,31081
Turkey,2002,30999
Turkey,2001,31031
Turkey,2000,30617
Turkey,1999,30470
Turkey,1998,32973
Turkey,1997,31944
Turkey,1996,29348
Turkey,1995,27234
Uganda,2017,776.2
Uganda,2016,755.1
Uganda,2006,224.2
Ukraine,2019,11792.7
Ukraine,2018,11857.2
Ukraine,2017,11271.2
Ukraine,2016,11562.6
Ukraine,2015,11491.8
Ukraine,2014,10748
Ukraine,2013,14501
Ukraine,2012,13878
Ukraine,2011,10356.5
Ukraine,2010,9765.5
Ukraine,2009,10276
Ukraine,2008,11388
Ukraine,2007,11694.9
United Arab Emirates,2020,5324
United Arab Emirates,2019,5617.7
United Arab Emirates,2018,5505.3
United Arab Emirates,2017,5342
United Arab Emirates,2016,5209.6
United Arab Emirates,2015,6061
United Arab Emirates,2014,5228.5
United Arab Emirates,2013,5894.2
United Arab Emirates,2012,5173.2
United Arab Emirates,2011,5211.2
United Arab Emirates,2009,6654.2
United Kingdom of Great Britain and Northern Ireland,2017,30911
United Kingdom of Great Britain and Northern Ireland,2016,31710
United Kingdom of Great Britain and Northern Ireland,2015,31475
United Kingdom of Great Britain and Northern Ireland,2014,31129
United Kingdom of Great Britain and Northern Ireland,2013,30890
United Kingdom of Great Britain and Northern Ireland,2012,30413
United Kingdom of Great Britain and Northern Ireland,2011,31066
United Kingdom of Great Britain and Northern Ireland,2010,31955
United Kingdom of Great Britain and Northern Ireland,2009,32507
United Kingdom of Great Britain and Northern Ireland,2008,33424
United Kingdom of Great Britain and Northern Ireland,2007,34780
United Kingdom of Great Britain and Northern Ireland,2006,35479
United Kingdom of Great Britain and Northern Ireland,2005,35121
United Kingdom of Great Britain and Northern Ireland,2004,36121
United Kingdom of Great Britain and Northern Ireland,2003,35279
United Kingdom of Great Britain and Northern Ireland,2002,35532
United Kingdom of Great Britain and Northern Ireland,2001,34945
United Kingdom of Great Britain and Northern Ireland,2000,33954
United Kingdom of Great Britain and Northern Ireland,1999,33392
United Kingdom of Great Britain and Northern Ireland,1998,31697
United Kingdom of Great Britain and Northern Ireland,1997,31042
United Kingdom of Great Britain and Northern Ireland,1996,29750
United Kingdom of Great Britain and Northern Ireland,1995,28900
United Republic of Tanzania,2020,2104
United Republic of Tanzania,2019,2072
United Republic of Tanzania,2018,2000
United Republic of Tanzania,2017,1925
United Republic of Tanzania,2015,512.5
United Republic of Tanzania,2014,498.2
United Republic of Tanzania,2013,474.1
United Republic of Tanzania,2012,323.5
United Republic of Tanzania,2011,342.7
United Republic of Tanzania,2010,318.7
United Republic of Tanzania,2009,211.4
United Republic of Tanzania,2008,207.9
United Republic of Tanzania,2007,206.1
United Republic of Tanzania,2006,202.4
United Republic of Tanzania,2005,198.8
United Republic of Tanzania,2004,197.1
United Republic of Tanzania,1990,60
United States of America,2015,238045
United States of America,2014,234471
United States of America,2013,231350
United States of America,2012,228465
United States of America,2011,227876
United States of America,2010,227749
United States of America,2009,222188
United States of America,2008,229200
United States of America,2007,232693
United States of America,2006,233237
United States of America,2005,230180
United States of America,2004,230534
United States of America,2003,223548
United States of America,2002,222560
United States of America,2001,218450
United States of America,2000,220854
United States of America,1999,213080
United States of America,1998,206040
United States of America,1997,202393
United States of America,1996,195943
United States of America,1995,197113
United States of America,1994,200742
United States of America,1993,197748
United States of America,1992,194990
United States of America,1991,188449
United States of America,1990,188939
Uruguay,2000,910
Uruguay,1995,870
Uruguay,1990,830
Venezuela (Bolivarian Republic of),2020,22606.7
Venezuela (Bolivarian Republic of),2019,23011.2
Venezuela (Bolivarian Republic of),2018,23415.7
Venezuela (Bolivarian Republic of),2017,19636
Venezuela (Bolivarian Republic of),2016,24394
Venezuela (Bolivarian Republic of),2015,27638
Venezuela (Bolivarian Republic of),2014,25799
Venezuela (Bolivarian Republic of),2013,23569
Venezuela (Bolivarian Republic of),2012,30097
Venezuela (Bolivarian Republic of),2011,28621
Venezuela (Bolivarian Republic of),2010,29029
Venezuela (Bolivarian Republic of),2009,28771
Venezuela (Bolivarian Republic of),2008,21794
Venezuela (Bolivarian Republic of),2007,25206
Venezuela (Bolivarian Republic of),2006,22909
Yemen,2013,1581
Yemen,2012,1535
Yemen,2011,1473
Yemen,2010,1452
Yemen,2009,1410
Yemen,2008,1369
Yemen,2007,1447
Yemen,2006,1382
Yemen,2005,1273
Yemen,2004,1167
Yemen,2003,1105
Yemen,2002,1310
Yemen,2001,822
Yemen,2000,1267
Yemen,1999,841
Zambia,2005,388.8
Zambia,2000,291.6
Zimbabwe,2017,732.8
Zimbabwe,2016,783



